DELETE FROM ANSWERS;
DELETE FROM QUESTIONS;
DELETE FROM CATEGORIES;
INSERT INTO CATEGORIES (ID, NAME) VALUES (1, 'Geography');
INSERT INTO CATEGORIES (ID, NAME) VALUES (2, 'Science');
INSERT INTO QUESTIONS (ID, CATEGORY_ID, QUESTION_TEXT) VALUES (1, 1, 'What is the capital of Germany?');
INSERT INTO QUESTIONS (ID, CATEGORY_ID, QUESTION_TEXT) VALUES (2, 1, 'What is the capital of England?');
INSERT INTO QUESTIONS (ID, CATEGORY_ID, QUESTION_TEXT) VALUES (3, 1, 'What is the capital of France?');
INSERT INTO QUESTIONS (ID, CATEGORY_ID, QUESTION_TEXT) VALUES (4, 1, 'What is the capital of Poland?');
INSERT INTO QUESTIONS (ID, CATEGORY_ID, QUESTION_TEXT) VALUES (5, 2, 'What is H2SO4 commonly known as?');
INSERT INTO ANSWERS (ID, QUESTION_ID, ANSWER_TEXT, CORRECT) VALUES (1, 1, 'Paris', false);
INSERT INTO ANSWERS (ID, QUESTION_ID, ANSWER_TEXT, CORRECT) VALUES (2, 1, 'London', false);
INSERT INTO ANSWERS (ID, QUESTION_ID, ANSWER_TEXT, CORRECT) VALUES (3, 1, 'Berlin', true);
INSERT INTO ANSWERS (ID, QUESTION_ID, ANSWER_TEXT, CORRECT) VALUES (4, 1, 'Warsaw', false);
INSERT INTO ANSWERS (ID, QUESTION_ID, ANSWER_TEXT, CORRECT) VALUES (5, 2, 'Paris', false);
INSERT INTO ANSWERS (ID, QUESTION_ID, ANSWER_TEXT, CORRECT) VALUES (6, 2, 'London', true);
INSERT INTO ANSWERS (ID, QUESTION_ID, ANSWER_TEXT, CORRECT) VALUES (7, 2, 'Berlin', false);
INSERT INTO ANSWERS (ID, QUESTION_ID, ANSWER_TEXT, CORRECT) VALUES (8, 2, 'Warsaw', false);
INSERT INTO ANSWERS (ID, QUESTION_ID, ANSWER_TEXT, CORRECT) VALUES (9, 3, 'Paris', true);
INSERT INTO ANSWERS (ID, QUESTION_ID, ANSWER_TEXT, CORRECT) VALUES (10, 3, 'London', false);
INSERT INTO ANSWERS (ID, QUESTION_ID, ANSWER_TEXT, CORRECT) VALUES (11, 3, 'Berlin', false);
INSERT INTO ANSWERS (ID, QUESTION_ID, ANSWER_TEXT, CORRECT) VALUES (12, 3, 'Warsaw', false);
INSERT INTO ANSWERS (ID, QUESTION_ID, ANSWER_TEXT, CORRECT) VALUES (13, 4, 'Paris', false);
INSERT INTO ANSWERS (ID, QUESTION_ID, ANSWER_TEXT, CORRECT) VALUES (14, 4, 'London', false);
INSERT INTO ANSWERS (ID, QUESTION_ID, ANSWER_TEXT, CORRECT) VALUES (15, 4, 'Berlin', false);
INSERT INTO ANSWERS (ID, QUESTION_ID, ANSWER_TEXT, CORRECT) VALUES (16, 4, 'Warsaw', true);
INSERT INTO ANSWERS (ID, QUESTION_ID, ANSWER_TEXT, CORRECT) VALUES (17, 5, 'Hydrogen', false);
INSERT INTO ANSWERS (ID, QUESTION_ID, ANSWER_TEXT, CORRECT) VALUES (18, 5, 'Oxygen', false);
INSERT INTO ANSWERS (ID, QUESTION_ID, ANSWER_TEXT, CORRECT) VALUES (19, 5, 'Sulfuric acid', true);
INSERT INTO ANSWERS (ID, QUESTION_ID, ANSWER_TEXT, CORRECT) VALUES (20, 5, 'Platinum', false);